﻿{"data":[{"Properties":{"domain":"OUTDATED.HTB","name":"CLIENT.OUTDATED.HTB","distinguishedname":"CN=CLIENT,CN=COMPUTERS,DC=OUTDATED,DC=HTB","domainsid":"S-1-5-21-4089647348-67660539-4016542185","highvalue":false,"samaccountname":"CLIENT$","haslaps":false,"description":null,"whencreated":1655286651,"enabled":true,"unconstraineddelegation":false,"trustedtoauth":false,"lastlogon":1667249663,"lastlogontimestamp":1667216887,"pwdlastset":1667216887,"serviceprincipalnames":["TERMSRV/CLIENT","TERMSRV/client.outdated.htb","RestrictedKrbHost/CLIENT","HOST/CLIENT","RestrictedKrbHost/client.outdated.htb","HOST/client.outdated.htb"],"operatingsystem":"Windows 10 Enterprise N","sidhistory":[]},"PrimaryGroupSID":"S-1-5-21-4089647348-67660539-4016542185-515","AllowedToDelegate":[],"AllowedToAct":[],"HasSIDHistory":[],"Sessions":{"Results":[],"Collected":true,"FailureReason":null},"PrivilegedSessions":{"Results":[{"UserSID":"S-1-5-21-4089647348-67660539-4016542185-1106","ComputerSID":"S-1-5-21-4089647348-67660539-4016542185-1105"}],"Collected":true,"FailureReason":null},"RegistrySessions":{"Results":[],"Collected":false,"FailureReason":"The network path was not found.\r\n"},"LocalAdmins":{"Results":[{"ObjectIdentifier":"S-1-5-21-4089647348-67660539-4016542185-512","ObjectType":"Group"}],"Collected":true,"FailureReason":null},"RemoteDesktopUsers":{"Results":[],"Collected":true,"FailureReason":null},"DcomUsers":{"Results":[],"Collected":true,"FailureReason":null},"PSRemoteUsers":{"Results":[],"Collected":true,"FailureReason":null},"Status":null,"Aces":[{"PrincipalSID":"S-1-5-21-4089647348-67660539-4016542185-512","PrincipalType":"Group","RightName":"Owns","IsInherited":false},{"PrincipalSID":"OUTDATED.HTB-S-1-5-32-548","PrincipalType":"Group","RightName":"GenericAll","IsInherited":false},{"PrincipalSID":"S-1-5-21-4089647348-67660539-4016542185-512","PrincipalType":"Group","RightName":"GenericAll","IsInherited":false},{"PrincipalSID":"S-1-5-21-4089647348-67660539-4016542185-526","PrincipalType":"Group","RightName":"AddKeyCredentialLink","IsInherited":true},{"PrincipalSID":"S-1-5-21-4089647348-67660539-4016542185-527","PrincipalType":"Group","RightName":"AddKeyCredentialLink","IsInherited":true},{"PrincipalSID":"S-1-5-21-4089647348-67660539-4016542185-519","PrincipalType":"Group","RightName":"GenericAll","IsInherited":true},{"PrincipalSID":"OUTDATED.HTB-S-1-5-32-544","PrincipalType":"Group","RightName":"WriteDacl","IsInherited":true},{"PrincipalSID":"OUTDATED.HTB-S-1-5-32-544","PrincipalType":"Group","RightName":"WriteOwner","IsInherited":true},{"PrincipalSID":"OUTDATED.HTB-S-1-5-32-544","PrincipalType":"Group","RightName":"GenericWrite","IsInherited":true}],"ObjectIdentifier":"S-1-5-21-4089647348-67660539-4016542185-1105","IsDeleted":false,"IsACLProtected":false},{"Properties":{"domain":"OUTDATED.HTB","name":"DC.OUTDATED.HTB","distinguishedname":"CN=DC,OU=DOMAIN CONTROLLERS,DC=OUTDATED,DC=HTB","domainsid":"S-1-5-21-4089647348-67660539-4016542185","highvalue":false,"samaccountname":"DC$","haslaps":false,"description":null,"whencreated":1655279047,"enabled":true,"unconstraineddelegation":true,"trustedtoauth":false,"lastlogon":1667245589,"lastlogontimestamp":1667216808,"pwdlastset":1667216796,"serviceprincipalnames":["Dfsr-12F9A27C-BF97-4787-9364-D31B6C55EB04/DC.outdated.htb","ldap/DC.outdated.htb/ForestDnsZones.outdated.htb","ldap/DC.outdated.htb/DomainDnsZones.outdated.htb","Hyper-V Replica Service/DC","Hyper-V Replica Service/DC.outdated.htb","Microsoft Virtual System Migration Service/DC","Microsoft Virtual System Migration Service/DC.outdated.htb","Microsoft Virtual Console Service/DC","Microsoft Virtual Console Service/DC.outdated.htb","DNS/DC.outdated.htb","GC/DC.outdated.htb/outdated.htb","RestrictedKrbHost/DC.outdated.htb","RestrictedKrbHost/DC","RPC/ec6ba0ff-106f-441a-bbca-12d753a82e59._msdcs.outdated.htb","HOST/DC/OUTDATED","HOST/DC.outdated.htb/OUTDATED","HOST/DC","HOST/DC.outdated.htb","HOST/DC.outdated.htb/outdated.htb","E3514235-4B06-11D1-AB04-00C04FC2DCD2/ec6ba0ff-106f-441a-bbca-12d753a82e59/outdated.htb","ldap/DC/OUTDATED","ldap/ec6ba0ff-106f-441a-bbca-12d753a82e59._msdcs.outdated.htb","ldap/DC.outdated.htb/OUTDATED","ldap/DC","ldap/DC.outdated.htb","ldap/DC.outdated.htb/outdated.htb"],"operatingsystem":"Windows Server 2019 Standard","sidhistory":[]},"PrimaryGroupSID":"S-1-5-21-4089647348-67660539-4016542185-516","AllowedToDelegate":[],"AllowedToAct":[],"HasSIDHistory":[],"Sessions":{"Results":[],"Collected":false,"FailureReason":"ERROR_ACCESS_DENIED"},"PrivilegedSessions":{"Results":[],"Collected":false,"FailureReason":"ERROR_ACCESS_DENIED"},"RegistrySessions":{"Results":[],"Collected":true,"FailureReason":null},"LocalAdmins":{"Results":[{"ObjectIdentifier":"S-1-5-21-4089647348-67660539-4016542185-500","ObjectType":"User"},{"ObjectIdentifier":"S-1-5-21-4089647348-67660539-4016542185-519","ObjectType":"Group"},{"ObjectIdentifier":"S-1-5-21-4089647348-67660539-4016542185-512","ObjectType":"Group"}],"Collected":true,"FailureReason":null},"RemoteDesktopUsers":{"Results":[],"Collected":true,"FailureReason":null},"DcomUsers":{"Results":[],"Collected":true,"FailureReason":null},"PSRemoteUsers":{"Results":[{"ObjectIdentifier":"S-1-5-21-4089647348-67660539-4016542185-1108","ObjectType":"User"}],"Collected":true,"FailureReason":null},"Status":null,"Aces":[{"PrincipalSID":"S-1-5-21-4089647348-67660539-4016542185-512","PrincipalType":"Group","RightName":"Owns","IsInherited":false},{"PrincipalSID":"S-1-5-21-4089647348-67660539-4016542185-512","PrincipalType":"Group","RightName":"GenericAll","IsInherited":false},{"PrincipalSID":"S-1-5-21-4089647348-67660539-4016542185-526","PrincipalType":"Group","RightName":"AddKeyCredentialLink","IsInherited":true},{"PrincipalSID":"S-1-5-21-4089647348-67660539-4016542185-527","PrincipalType":"Group","RightName":"AddKeyCredentialLink","IsInherited":true},{"PrincipalSID":"S-1-5-21-4089647348-67660539-4016542185-519","PrincipalType":"Group","RightName":"GenericAll","IsInherited":true},{"PrincipalSID":"OUTDATED.HTB-S-1-5-32-544","PrincipalType":"Group","RightName":"WriteDacl","IsInherited":true},{"PrincipalSID":"OUTDATED.HTB-S-1-5-32-544","PrincipalType":"Group","RightName":"WriteOwner","IsInherited":true},{"PrincipalSID":"OUTDATED.HTB-S-1-5-32-544","PrincipalType":"Group","RightName":"GenericWrite","IsInherited":true}],"ObjectIdentifier":"S-1-5-21-4089647348-67660539-4016542185-1002","IsDeleted":false,"IsACLProtected":false}],"meta":{"methods":29695,"type":"computers","count":2,"version":5}}