﻿{"data":[{"Properties":{"domain":"OUTDATED.HTB","name":"ADMINISTRATOR@OUTDATED.HTB","distinguishedname":"CN=ADMINISTRATOR,CN=USERS,DC=OUTDATED,DC=HTB","domainsid":"S-1-5-21-4089647348-67660539-4016542185","highvalue":false,"samaccountname":"Administrator","description":"Built-in account for administering the computer/domain","whencreated":1655278996,"sensitive":true,"dontreqpreauth":false,"passwordnotreqd":false,"unconstraineddelegation":false,"pwdneverexpires":true,"enabled":true,"trustedtoauth":false,"lastlogon":1667216856,"lastlogontimestamp":1667216806,"pwdlastset":1655533763,"serviceprincipalnames":[],"hasspn":false,"displayname":null,"email":null,"title":null,"homedirectory":null,"userpassword":null,"unixpassword":null,"unicodepassword":null,"sfupassword":null,"logonscript":null,"admincount":true,"sidhistory":[]},"AllowedToDelegate":[],"PrimaryGroupSID":"S-1-5-21-4089647348-67660539-4016542185-513","HasSIDHistory":[],"SPNTargets":[],"Aces":[{"PrincipalSID":"S-1-5-21-4089647348-67660539-4016542185-512","PrincipalType":"Group","RightName":"Owns","IsInherited":false},{"PrincipalSID":"OUTDATED.HTB-S-1-5-32-544","PrincipalType":"Group","RightName":"WriteDacl","IsInherited":false},{"PrincipalSID":"OUTDATED.HTB-S-1-5-32-544","PrincipalType":"Group","RightName":"WriteOwner","IsInherited":false},{"PrincipalSID":"OUTDATED.HTB-S-1-5-32-544","PrincipalType":"Group","RightName":"AllExtendedRights","IsInherited":false},{"PrincipalSID":"OUTDATED.HTB-S-1-5-32-544","PrincipalType":"Group","RightName":"GenericWrite","IsInherited":false},{"PrincipalSID":"S-1-5-21-4089647348-67660539-4016542185-512","PrincipalType":"Group","RightName":"WriteDacl","IsInherited":false},{"PrincipalSID":"S-1-5-21-4089647348-67660539-4016542185-512","PrincipalType":"Group","RightName":"WriteOwner","IsInherited":false},{"PrincipalSID":"S-1-5-21-4089647348-67660539-4016542185-512","PrincipalType":"Group","RightName":"AllExtendedRights","IsInherited":false},{"PrincipalSID":"S-1-5-21-4089647348-67660539-4016542185-512","PrincipalType":"Group","RightName":"GenericWrite","IsInherited":false},{"PrincipalSID":"S-1-5-21-4089647348-67660539-4016542185-519","PrincipalType":"Group","RightName":"WriteDacl","IsInherited":false},{"PrincipalSID":"S-1-5-21-4089647348-67660539-4016542185-519","PrincipalType":"Group","RightName":"WriteOwner","IsInherited":false},{"PrincipalSID":"S-1-5-21-4089647348-67660539-4016542185-519","PrincipalType":"Group","RightName":"AllExtendedRights","IsInherited":false},{"PrincipalSID":"S-1-5-21-4089647348-67660539-4016542185-519","PrincipalType":"Group","RightName":"GenericWrite","IsInherited":false}],"ObjectIdentifier":"S-1-5-21-4089647348-67660539-4016542185-500","IsDeleted":false,"IsACLProtected":true},{"Properties":{"domain":"OUTDATED.HTB","name":"KRBTGT@OUTDATED.HTB","distinguishedname":"CN=KRBTGT,CN=USERS,DC=OUTDATED,DC=HTB","domainsid":"S-1-5-21-4089647348-67660539-4016542185","highvalue":false,"samaccountname":"krbtgt","description":"Key Distribution Center Service Account","whencreated":1655279047,"sensitive":false,"dontreqpreauth":false,"passwordnotreqd":false,"unconstraineddelegation":false,"pwdneverexpires":false,"enabled":false,"trustedtoauth":false,"lastlogon":0,"lastlogontimestamp":-1,"pwdlastset":1655304247,"serviceprincipalnames":["kadmin/changepw"],"hasspn":true,"displayname":null,"email":null,"title":null,"homedirectory":null,"userpassword":null,"unixpassword":null,"unicodepassword":null,"sfupassword":null,"logonscript":null,"admincount":true,"sidhistory":[]},"AllowedToDelegate":[],"PrimaryGroupSID":"S-1-5-21-4089647348-67660539-4016542185-513","HasSIDHistory":[],"SPNTargets":[],"Aces":[{"PrincipalSID":"S-1-5-21-4089647348-67660539-4016542185-512","PrincipalType":"Group","RightName":"Owns","IsInherited":false},{"PrincipalSID":"OUTDATED.HTB-S-1-5-32-544","PrincipalType":"Group","RightName":"WriteDacl","IsInherited":false},{"PrincipalSID":"OUTDATED.HTB-S-1-5-32-544","PrincipalType":"Group","RightName":"WriteOwner","IsInherited":false},{"PrincipalSID":"OUTDATED.HTB-S-1-5-32-544","PrincipalType":"Group","RightName":"AllExtendedRights","IsInherited":false},{"PrincipalSID":"OUTDATED.HTB-S-1-5-32-544","PrincipalType":"Group","RightName":"GenericWrite","IsInherited":false},{"PrincipalSID":"S-1-5-21-4089647348-67660539-4016542185-512","PrincipalType":"Group","RightName":"WriteDacl","IsInherited":false},{"PrincipalSID":"S-1-5-21-4089647348-67660539-4016542185-512","PrincipalType":"Group","RightName":"WriteOwner","IsInherited":false},{"PrincipalSID":"S-1-5-21-4089647348-67660539-4016542185-512","PrincipalType":"Group","RightName":"AllExtendedRights","IsInherited":false},{"PrincipalSID":"S-1-5-21-4089647348-67660539-4016542185-512","PrincipalType":"Group","RightName":"GenericWrite","IsInherited":false},{"PrincipalSID":"S-1-5-21-4089647348-67660539-4016542185-519","PrincipalType":"Group","RightName":"WriteDacl","IsInherited":false},{"PrincipalSID":"S-1-5-21-4089647348-67660539-4016542185-519","PrincipalType":"Group","RightName":"WriteOwner","IsInherited":false},{"PrincipalSID":"S-1-5-21-4089647348-67660539-4016542185-519","PrincipalType":"Group","RightName":"AllExtendedRights","IsInherited":false},{"PrincipalSID":"S-1-5-21-4089647348-67660539-4016542185-519","PrincipalType":"Group","RightName":"GenericWrite","IsInherited":false}],"ObjectIdentifier":"S-1-5-21-4089647348-67660539-4016542185-502","IsDeleted":false,"IsACLProtected":true},{"Properties":{"domain":"OUTDATED.HTB","name":"BTABLES@OUTDATED.HTB","distinguishedname":"CN=BOBBY TABLES,CN=USERS,DC=OUTDATED,DC=HTB","domainsid":"S-1-5-21-4089647348-67660539-4016542185","highvalue":false,"samaccountname":"btables","description":null,"whencreated":1655287021,"sensitive":false,"dontreqpreauth":false,"passwordnotreqd":false,"unconstraineddelegation":false,"pwdneverexpires":true,"enabled":true,"trustedtoauth":false,"lastlogon":1667216907,"lastlogontimestamp":1667216907,"pwdlastset":1655432108,"serviceprincipalnames":[],"hasspn":false,"displayname":"Bobby Tables","email":null,"title":null,"homedirectory":null,"userpassword":null,"unixpassword":null,"unicodepassword":null,"sfupassword":null,"logonscript":null,"admincount":false,"sidhistory":[]},"AllowedToDelegate":[],"PrimaryGroupSID":"S-1-5-21-4089647348-67660539-4016542185-513","HasSIDHistory":[],"SPNTargets":[],"Aces":[{"PrincipalSID":"S-1-5-21-4089647348-67660539-4016542185-512","PrincipalType":"Group","RightName":"Owns","IsInherited":false},{"PrincipalSID":"OUTDATED.HTB-S-1-5-32-548","PrincipalType":"Group","RightName":"GenericAll","IsInherited":false},{"PrincipalSID":"S-1-5-21-4089647348-67660539-4016542185-512","PrincipalType":"Group","RightName":"GenericAll","IsInherited":false},{"PrincipalSID":"S-1-5-21-4089647348-67660539-4016542185-526","PrincipalType":"Group","RightName":"AddKeyCredentialLink","IsInherited":true},{"PrincipalSID":"S-1-5-21-4089647348-67660539-4016542185-527","PrincipalType":"Group","RightName":"AddKeyCredentialLink","IsInherited":true},{"PrincipalSID":"S-1-5-21-4089647348-67660539-4016542185-519","PrincipalType":"Group","RightName":"GenericAll","IsInherited":true},{"PrincipalSID":"OUTDATED.HTB-S-1-5-32-544","PrincipalType":"Group","RightName":"WriteDacl","IsInherited":true},{"PrincipalSID":"OUTDATED.HTB-S-1-5-32-544","PrincipalType":"Group","RightName":"WriteOwner","IsInherited":true},{"PrincipalSID":"OUTDATED.HTB-S-1-5-32-544","PrincipalType":"Group","RightName":"AllExtendedRights","IsInherited":true},{"PrincipalSID":"OUTDATED.HTB-S-1-5-32-544","PrincipalType":"Group","RightName":"GenericWrite","IsInherited":true}],"ObjectIdentifier":"S-1-5-21-4089647348-67660539-4016542185-1106","IsDeleted":false,"IsACLProtected":false},{"Properties":{"domain":"OUTDATED.HTB","name":"SFLOWERS@OUTDATED.HTB","distinguishedname":"CN=SUSAN FLOWERS,CN=USERS,DC=OUTDATED,DC=HTB","domainsid":"S-1-5-21-4089647348-67660539-4016542185","highvalue":false,"samaccountname":"sflowers","description":null,"whencreated":1655328789,"sensitive":false,"dontreqpreauth":false,"passwordnotreqd":false,"unconstraineddelegation":false,"pwdneverexpires":true,"enabled":true,"trustedtoauth":false,"lastlogon":1655358507,"lastlogontimestamp":1659480610,"pwdlastset":1655748249,"serviceprincipalnames":[],"hasspn":false,"displayname":"Susan Flowers","email":null,"title":null,"homedirectory":null,"userpassword":null,"unixpassword":null,"unicodepassword":null,"sfupassword":null,"logonscript":null,"admincount":false,"sidhistory":[]},"AllowedToDelegate":[],"PrimaryGroupSID":"S-1-5-21-4089647348-67660539-4016542185-513","HasSIDHistory":[],"SPNTargets":[],"Aces":[{"PrincipalSID":"S-1-5-21-4089647348-67660539-4016542185-512","PrincipalType":"Group","RightName":"Owns","IsInherited":false},{"PrincipalSID":"OUTDATED.HTB-S-1-5-32-548","PrincipalType":"Group","RightName":"GenericAll","IsInherited":false},{"PrincipalSID":"S-1-5-21-4089647348-67660539-4016542185-512","PrincipalType":"Group","RightName":"GenericAll","IsInherited":false},{"PrincipalSID":"S-1-5-21-4089647348-67660539-4016542185-1107","PrincipalType":"Group","RightName":"AddKeyCredentialLink","IsInherited":false},{"PrincipalSID":"S-1-5-21-4089647348-67660539-4016542185-526","PrincipalType":"Group","RightName":"AddKeyCredentialLink","IsInherited":true},{"PrincipalSID":"S-1-5-21-4089647348-67660539-4016542185-527","PrincipalType":"Group","RightName":"AddKeyCredentialLink","IsInherited":true},{"PrincipalSID":"S-1-5-21-4089647348-67660539-4016542185-519","PrincipalType":"Group","RightName":"GenericAll","IsInherited":true},{"PrincipalSID":"OUTDATED.HTB-S-1-5-32-544","PrincipalType":"Group","RightName":"WriteDacl","IsInherited":true},{"PrincipalSID":"OUTDATED.HTB-S-1-5-32-544","PrincipalType":"Group","RightName":"WriteOwner","IsInherited":true},{"PrincipalSID":"OUTDATED.HTB-S-1-5-32-544","PrincipalType":"Group","RightName":"AllExtendedRights","IsInherited":true},{"PrincipalSID":"OUTDATED.HTB-S-1-5-32-544","PrincipalType":"Group","RightName":"GenericWrite","IsInherited":true}],"ObjectIdentifier":"S-1-5-21-4089647348-67660539-4016542185-1108","IsDeleted":false,"IsACLProtected":false},{"Properties":{"domain":"OUTDATED.HTB","name":"GUEST@OUTDATED.HTB","distinguishedname":"CN=GUEST,CN=USERS,DC=OUTDATED,DC=HTB","domainsid":"S-1-5-21-4089647348-67660539-4016542185","highvalue":false,"samaccountname":"Guest","description":"Built-in account for guest access to the computer/domain","whencreated":1655278996,"sensitive":false,"dontreqpreauth":false,"passwordnotreqd":true,"unconstraineddelegation":false,"pwdneverexpires":true,"enabled":true,"trustedtoauth":false,"lastlogon":0,"lastlogontimestamp":1655687700,"pwdlastset":0,"serviceprincipalnames":[],"hasspn":false,"displayname":null,"email":null,"title":null,"homedirectory":null,"userpassword":null,"unixpassword":null,"unicodepassword":null,"sfupassword":null,"logonscript":null,"admincount":false,"sidhistory":[]},"AllowedToDelegate":[],"PrimaryGroupSID":"S-1-5-21-4089647348-67660539-4016542185-514","HasSIDHistory":[],"SPNTargets":[],"Aces":[{"PrincipalSID":"OUTDATED.HTB-S-1-5-32-544","PrincipalType":"Group","RightName":"Owns","IsInherited":false},{"PrincipalSID":"OUTDATED.HTB-S-1-5-32-548","PrincipalType":"Group","RightName":"GenericAll","IsInherited":false},{"PrincipalSID":"S-1-5-21-4089647348-67660539-4016542185-512","PrincipalType":"Group","RightName":"GenericAll","IsInherited":false},{"PrincipalSID":"S-1-5-21-4089647348-67660539-4016542185-526","PrincipalType":"Group","RightName":"AddKeyCredentialLink","IsInherited":true},{"PrincipalSID":"S-1-5-21-4089647348-67660539-4016542185-527","PrincipalType":"Group","RightName":"AddKeyCredentialLink","IsInherited":true},{"PrincipalSID":"S-1-5-21-4089647348-67660539-4016542185-519","PrincipalType":"Group","RightName":"GenericAll","IsInherited":true},{"PrincipalSID":"OUTDATED.HTB-S-1-5-32-544","PrincipalType":"Group","RightName":"WriteDacl","IsInherited":true},{"PrincipalSID":"OUTDATED.HTB-S-1-5-32-544","PrincipalType":"Group","RightName":"WriteOwner","IsInherited":true},{"PrincipalSID":"OUTDATED.HTB-S-1-5-32-544","PrincipalType":"Group","RightName":"AllExtendedRights","IsInherited":true},{"PrincipalSID":"OUTDATED.HTB-S-1-5-32-544","PrincipalType":"Group","RightName":"GenericWrite","IsInherited":true}],"ObjectIdentifier":"S-1-5-21-4089647348-67660539-4016542185-501","IsDeleted":false,"IsACLProtected":false}],"meta":{"methods":29695,"type":"users","count":5,"version":5}}