﻿{"data":[{"GPOChanges":{"LocalAdmins":[],"RemoteDesktopUsers":[],"DcomUsers":[],"PSRemoteUsers":[],"AffectedComputers":[{"ObjectIdentifier":"S-1-5-21-4089647348-67660539-4016542185-1002","ObjectType":"Computer"}]},"Properties":{"domain":"OUTDATED.HTB","name":"DOMAIN CONTROLLERS@OUTDATED.HTB","distinguishedname":"OU=DOMAIN CONTROLLERS,DC=OUTDATED,DC=HTB","domainsid":"S-1-5-21-4089647348-67660539-4016542185","highvalue":false,"description":"Default container for domain controllers","whencreated":1655278996,"blocksinheritance":false},"Links":[{"IsEnforced":false,"GUID":"029EE327-3204-408D-8FF9-BCD24220F0A6"}],"ChildObjects":[{"ObjectIdentifier":"S-1-5-21-4089647348-67660539-4016542185-1002","ObjectType":"Computer"}],"Aces":[{"PrincipalSID":"S-1-5-21-4089647348-67660539-4016542185-512","PrincipalType":"Group","RightName":"Owns","IsInherited":false},{"PrincipalSID":"S-1-5-21-4089647348-67660539-4016542185-512","PrincipalType":"Group","RightName":"WriteDacl","IsInherited":false},{"PrincipalSID":"S-1-5-21-4089647348-67660539-4016542185-512","PrincipalType":"Group","RightName":"WriteOwner","IsInherited":false},{"PrincipalSID":"S-1-5-21-4089647348-67660539-4016542185-519","PrincipalType":"Group","RightName":"GenericAll","IsInherited":true},{"PrincipalSID":"OUTDATED.HTB-S-1-5-32-544","PrincipalType":"Group","RightName":"WriteDacl","IsInherited":true},{"PrincipalSID":"OUTDATED.HTB-S-1-5-32-544","PrincipalType":"Group","RightName":"WriteOwner","IsInherited":true}],"ObjectIdentifier":"08D3532C-782A-4782-9B56-35AF1480714C","IsDeleted":false,"IsACLProtected":false}],"meta":{"methods":29695,"type":"ous","count":1,"version":5}}