﻿{"data":[{"Properties":{"domain":"OUTDATED.HTB","name":"SOM@OUTDATED.HTB","distinguishedname":"CN=SOM,CN=WMIPOLICY,CN=SYSTEM,DC=OUTDATED,DC=HTB","domainsid":"S-1-5-21-4089647348-67660539-4016542185","highvalue":false},"ChildObjects":[],"Aces":[{"PrincipalSID":"S-1-5-21-4089647348-67660539-4016542185-512","PrincipalType":"Group","RightName":"Owns","IsInherited":false},{"PrincipalSID":"S-1-5-21-4089647348-67660539-4016542185-512","PrincipalType":"Group","RightName":"GenericAll","IsInherited":false},{"PrincipalSID":"S-1-5-21-4089647348-67660539-4016542185-519","PrincipalType":"Group","RightName":"GenericAll","IsInherited":false}],"ObjectIdentifier":"030C3558-6729-484E-A334-A4F8D0F6AAA7","IsDeleted":false,"IsACLProtected":true},{"Properties":{"domain":"OUTDATED.HTB","name":"POLICYTEMPLATE@OUTDATED.HTB","distinguishedname":"CN=POLICYTEMPLATE,CN=WMIPOLICY,CN=SYSTEM,DC=OUTDATED,DC=HTB","domainsid":"S-1-5-21-4089647348-67660539-4016542185","highvalue":false},"ChildObjects":[],"Aces":[{"PrincipalSID":"S-1-5-21-4089647348-67660539-4016542185-512","PrincipalType":"Group","RightName":"Owns","IsInherited":false},{"PrincipalSID":"S-1-5-21-4089647348-67660539-4016542185-512","PrincipalType":"Group","RightName":"WriteDacl","IsInherited":false},{"PrincipalSID":"S-1-5-21-4089647348-67660539-4016542185-512","PrincipalType":"Group","RightName":"WriteOwner","IsInherited":false},{"PrincipalSID":"S-1-5-21-4089647348-67660539-4016542185-519","PrincipalType":"Group","RightName":"GenericAll","IsInherited":true},{"PrincipalSID":"S-1-5-21-4089647348-67660539-4016542185-512","PrincipalType":"Group","RightName":"GenericAll","IsInherited":true}],"ObjectIdentifier":"0530E9AA-BFDD-4C47-B6CA-0BF011A5C899","IsDeleted":false,"IsACLProtected":false},{"Properties":{"domain":"OUTDATED.HTB","name":"WMIPOLICY@OUTDATED.HTB","distinguishedname":"CN=WMIPOLICY,CN=SYSTEM,DC=OUTDATED,DC=HTB","domainsid":"S-1-5-21-4089647348-67660539-4016542185","highvalue":false},"ChildObjects":[],"Aces":[{"PrincipalSID":"S-1-5-21-4089647348-67660539-4016542185-512","PrincipalType":"Group","RightName":"Owns","IsInherited":false},{"PrincipalSID":"S-1-5-21-4089647348-67660539-4016542185-512","PrincipalType":"Group","RightName":"GenericAll","IsInherited":false},{"PrincipalSID":"S-1-5-21-4089647348-67660539-4016542185-519","PrincipalType":"Group","RightName":"GenericAll","IsInherited":false}],"ObjectIdentifier":"83F0F626-B49B-4709-9DAD-1886FEF91730","IsDeleted":false,"IsACLProtected":true},{"Properties":{"domain":"OUTDATED.HTB","name":"ADMINSDHOLDER@OUTDATED.HTB","distinguishedname":"CN=ADMINSDHOLDER,CN=SYSTEM,DC=OUTDATED,DC=HTB","domainsid":"S-1-5-21-4089647348-67660539-4016542185","highvalue":false},"ChildObjects":[],"Aces":[{"PrincipalSID":"S-1-5-21-4089647348-67660539-4016542185-512","PrincipalType":"Group","RightName":"Owns","IsInherited":false},{"PrincipalSID":"OUTDATED.HTB-S-1-5-32-544","PrincipalType":"Group","RightName":"WriteDacl","IsInherited":false},{"PrincipalSID":"OUTDATED.HTB-S-1-5-32-544","PrincipalType":"Group","RightName":"WriteOwner","IsInherited":false},{"PrincipalSID":"S-1-5-21-4089647348-67660539-4016542185-512","PrincipalType":"Group","RightName":"WriteDacl","IsInherited":false},{"PrincipalSID":"S-1-5-21-4089647348-67660539-4016542185-512","PrincipalType":"Group","RightName":"WriteOwner","IsInherited":false},{"PrincipalSID":"S-1-5-21-4089647348-67660539-4016542185-519","PrincipalType":"Group","RightName":"WriteDacl","IsInherited":false},{"PrincipalSID":"S-1-5-21-4089647348-67660539-4016542185-519","PrincipalType":"Group","RightName":"WriteOwner","IsInherited":false}],"ObjectIdentifier":"5697C329-9175-45EE-97B1-1F1DE7E0F792","IsDeleted":false,"IsACLProtected":true},{"Properties":{"domain":"OUTDATED.HTB","name":"FOREIGNSECURITYPRINCIPALS@OUTDATED.HTB","distinguishedname":"CN=FOREIGNSECURITYPRINCIPALS,DC=OUTDATED,DC=HTB","domainsid":"S-1-5-21-4089647348-67660539-4016542185","highvalue":false},"ChildObjects":[],"Aces":[{"PrincipalSID":"S-1-5-21-4089647348-67660539-4016542185-512","PrincipalType":"Group","RightName":"Owns","IsInherited":false},{"PrincipalSID":"S-1-5-21-4089647348-67660539-4016542185-512","PrincipalType":"Group","RightName":"GenericAll","IsInherited":false},{"PrincipalSID":"S-1-5-21-4089647348-67660539-4016542185-519","PrincipalType":"Group","RightName":"GenericAll","IsInherited":true},{"PrincipalSID":"OUTDATED.HTB-S-1-5-32-544","PrincipalType":"Group","RightName":"WriteDacl","IsInherited":true},{"PrincipalSID":"OUTDATED.HTB-S-1-5-32-544","PrincipalType":"Group","RightName":"WriteOwner","IsInherited":true}],"ObjectIdentifier":"AFCA2109-5209-486A-A196-B7F3D1DDC88A","IsDeleted":false,"IsACLProtected":false},{"Properties":{"domain":"OUTDATED.HTB","name":"COMPARTITIONS@OUTDATED.HTB","distinguishedname":"CN=COMPARTITIONS,CN=SYSTEM,DC=OUTDATED,DC=HTB","domainsid":"S-1-5-21-4089647348-67660539-4016542185","highvalue":false},"ChildObjects":[],"Aces":[{"PrincipalSID":"S-1-5-21-4089647348-67660539-4016542185-512","PrincipalType":"Group","RightName":"Owns","IsInherited":false},{"PrincipalSID":"S-1-5-21-4089647348-67660539-4016542185-512","PrincipalType":"Group","RightName":"WriteDacl","IsInherited":false},{"PrincipalSID":"S-1-5-21-4089647348-67660539-4016542185-512","PrincipalType":"Group","RightName":"WriteOwner","IsInherited":false},{"PrincipalSID":"S-1-5-21-4089647348-67660539-4016542185-519","PrincipalType":"Group","RightName":"GenericAll","IsInherited":true},{"PrincipalSID":"OUTDATED.HTB-S-1-5-32-544","PrincipalType":"Group","RightName":"WriteDacl","IsInherited":true},{"PrincipalSID":"OUTDATED.HTB-S-1-5-32-544","PrincipalType":"Group","RightName":"WriteOwner","IsInherited":true}],"ObjectIdentifier":"63F4FF04-A057-4898-94FC-2F40BEB07D1E","IsDeleted":false,"IsACLProtected":false},{"Properties":{"domain":"OUTDATED.HTB","name":"RAS AND IAS SERVERS ACCESS CHECK@OUTDATED.HTB","distinguishedname":"CN=RAS AND IAS SERVERS ACCESS CHECK,CN=SYSTEM,DC=OUTDATED,DC=HTB","domainsid":"S-1-5-21-4089647348-67660539-4016542185","highvalue":false},"ChildObjects":[],"Aces":[{"PrincipalSID":"S-1-5-21-4089647348-67660539-4016542185-512","PrincipalType":"Group","RightName":"Owns","IsInherited":false},{"PrincipalSID":"S-1-5-21-4089647348-67660539-4016542185-553","PrincipalType":"Group","RightName":"WriteDacl","IsInherited":false},{"PrincipalSID":"S-1-5-21-4089647348-67660539-4016542185-553","PrincipalType":"Group","RightName":"WriteOwner","IsInherited":false},{"PrincipalSID":"S-1-5-21-4089647348-67660539-4016542185-519","PrincipalType":"Group","RightName":"GenericAll","IsInherited":true},{"PrincipalSID":"OUTDATED.HTB-S-1-5-32-544","PrincipalType":"Group","RightName":"WriteDacl","IsInherited":true},{"PrincipalSID":"OUTDATED.HTB-S-1-5-32-544","PrincipalType":"Group","RightName":"WriteOwner","IsInherited":true}],"ObjectIdentifier":"B5065BD7-64FA-4739-82C6-F615651969E1","IsDeleted":false,"IsACLProtected":false},{"Properties":{"domain":"OUTDATED.HTB","name":"SYSTEM@OUTDATED.HTB","distinguishedname":"CN=SYSTEM,DC=OUTDATED,DC=HTB","domainsid":"S-1-5-21-4089647348-67660539-4016542185","highvalue":false},"ChildObjects":[],"Aces":[{"PrincipalSID":"S-1-5-21-4089647348-67660539-4016542185-512","PrincipalType":"Group","RightName":"Owns","IsInherited":false},{"PrincipalSID":"S-1-5-21-4089647348-67660539-4016542185-512","PrincipalType":"Group","RightName":"WriteDacl","IsInherited":false},{"PrincipalSID":"S-1-5-21-4089647348-67660539-4016542185-512","PrincipalType":"Group","RightName":"WriteOwner","IsInherited":false},{"PrincipalSID":"S-1-5-21-4089647348-67660539-4016542185-519","PrincipalType":"Group","RightName":"GenericAll","IsInherited":true},{"PrincipalSID":"OUTDATED.HTB-S-1-5-32-544","PrincipalType":"Group","RightName":"WriteDacl","IsInherited":true},{"PrincipalSID":"OUTDATED.HTB-S-1-5-32-544","PrincipalType":"Group","RightName":"WriteOwner","IsInherited":true}],"ObjectIdentifier":"2C1F9207-4394-4AD0-AE22-664ADDCB70AA","IsDeleted":false,"IsACLProtected":false},{"Properties":{"domain":"OUTDATED.HTB","name":"COMPARTITIONSETS@OUTDATED.HTB","distinguishedname":"CN=COMPARTITIONSETS,CN=SYSTEM,DC=OUTDATED,DC=HTB","domainsid":"S-1-5-21-4089647348-67660539-4016542185","highvalue":false},"ChildObjects":[],"Aces":[{"PrincipalSID":"S-1-5-21-4089647348-67660539-4016542185-512","PrincipalType":"Group","RightName":"Owns","IsInherited":false},{"PrincipalSID":"S-1-5-21-4089647348-67660539-4016542185-512","PrincipalType":"Group","RightName":"WriteDacl","IsInherited":false},{"PrincipalSID":"S-1-5-21-4089647348-67660539-4016542185-512","PrincipalType":"Group","RightName":"WriteOwner","IsInherited":false},{"PrincipalSID":"S-1-5-21-4089647348-67660539-4016542185-519","PrincipalType":"Group","RightName":"GenericAll","IsInherited":true},{"PrincipalSID":"OUTDATED.HTB-S-1-5-32-544","PrincipalType":"Group","RightName":"WriteDacl","IsInherited":true},{"PrincipalSID":"OUTDATED.HTB-S-1-5-32-544","PrincipalType":"Group","RightName":"WriteOwner","IsInherited":true}],"ObjectIdentifier":"06910296-74D0-4E54-8D61-6A7E1C184D49","IsDeleted":false,"IsACLProtected":false},{"Properties":{"domain":"OUTDATED.HTB","name":"PROGRAM DATA@OUTDATED.HTB","distinguishedname":"CN=PROGRAM DATA,DC=OUTDATED,DC=HTB","domainsid":"S-1-5-21-4089647348-67660539-4016542185","highvalue":false},"ChildObjects":[],"Aces":[{"PrincipalSID":"S-1-5-21-4089647348-67660539-4016542185-512","PrincipalType":"Group","RightName":"Owns","IsInherited":false},{"PrincipalSID":"S-1-5-21-4089647348-67660539-4016542185-512","PrincipalType":"Group","RightName":"GenericAll","IsInherited":false},{"PrincipalSID":"S-1-5-21-4089647348-67660539-4016542185-519","PrincipalType":"Group","RightName":"GenericAll","IsInherited":true},{"PrincipalSID":"OUTDATED.HTB-S-1-5-32-544","PrincipalType":"Group","RightName":"WriteDacl","IsInherited":true},{"PrincipalSID":"OUTDATED.HTB-S-1-5-32-544","PrincipalType":"Group","RightName":"WriteOwner","IsInherited":true}],"ObjectIdentifier":"6A77EC24-7A8A-49CE-BBB0-C6CD884625A0","IsDeleted":false,"IsACLProtected":false},{"Properties":{"domain":"OUTDATED.HTB","name":"MICROSOFT@OUTDATED.HTB","distinguishedname":"CN=MICROSOFT,CN=PROGRAM DATA,DC=OUTDATED,DC=HTB","domainsid":"S-1-5-21-4089647348-67660539-4016542185","highvalue":false},"ChildObjects":[],"Aces":[{"PrincipalSID":"S-1-5-21-4089647348-67660539-4016542185-512","PrincipalType":"Group","RightName":"Owns","IsInherited":false},{"PrincipalSID":"S-1-5-21-4089647348-67660539-4016542185-512","PrincipalType":"Group","RightName":"GenericAll","IsInherited":false},{"PrincipalSID":"S-1-5-21-4089647348-67660539-4016542185-519","PrincipalType":"Group","RightName":"GenericAll","IsInherited":true},{"PrincipalSID":"OUTDATED.HTB-S-1-5-32-544","PrincipalType":"Group","RightName":"WriteDacl","IsInherited":true},{"PrincipalSID":"OUTDATED.HTB-S-1-5-32-544","PrincipalType":"Group","RightName":"WriteOwner","IsInherited":true}],"ObjectIdentifier":"32D95FA6-7D18-4433-9D6C-B685068BA618","IsDeleted":false,"IsACLProtected":false},{"Properties":{"domain":"OUTDATED.HTB","name":"MANAGED SERVICE ACCOUNTS@OUTDATED.HTB","distinguishedname":"CN=MANAGED SERVICE ACCOUNTS,DC=OUTDATED,DC=HTB","domainsid":"S-1-5-21-4089647348-67660539-4016542185","highvalue":false},"ChildObjects":[],"Aces":[{"PrincipalSID":"S-1-5-21-4089647348-67660539-4016542185-512","PrincipalType":"Group","RightName":"Owns","IsInherited":false},{"PrincipalSID":"S-1-5-21-4089647348-67660539-4016542185-512","PrincipalType":"Group","RightName":"WriteDacl","IsInherited":false},{"PrincipalSID":"S-1-5-21-4089647348-67660539-4016542185-512","PrincipalType":"Group","RightName":"WriteOwner","IsInherited":false},{"PrincipalSID":"S-1-5-21-4089647348-67660539-4016542185-519","PrincipalType":"Group","RightName":"GenericAll","IsInherited":true},{"PrincipalSID":"OUTDATED.HTB-S-1-5-32-544","PrincipalType":"Group","RightName":"WriteDacl","IsInherited":true},{"PrincipalSID":"OUTDATED.HTB-S-1-5-32-544","PrincipalType":"Group","RightName":"WriteOwner","IsInherited":true}],"ObjectIdentifier":"2C34432F-A9D1-4570-81C7-3ED385BF76D0","IsDeleted":false,"IsACLProtected":false},{"Properties":{"domain":"OUTDATED.HTB","name":"WINSOCKSERVICES@OUTDATED.HTB","distinguishedname":"CN=WINSOCKSERVICES,CN=SYSTEM,DC=OUTDATED,DC=HTB","domainsid":"S-1-5-21-4089647348-67660539-4016542185","highvalue":false},"ChildObjects":[],"Aces":[{"PrincipalSID":"S-1-5-21-4089647348-67660539-4016542185-512","PrincipalType":"Group","RightName":"Owns","IsInherited":false},{"PrincipalSID":"S-1-5-21-4089647348-67660539-4016542185-512","PrincipalType":"Group","RightName":"WriteDacl","IsInherited":false},{"PrincipalSID":"S-1-5-21-4089647348-67660539-4016542185-512","PrincipalType":"Group","RightName":"WriteOwner","IsInherited":false},{"PrincipalSID":"S-1-5-21-4089647348-67660539-4016542185-519","PrincipalType":"Group","RightName":"GenericAll","IsInherited":true},{"PrincipalSID":"OUTDATED.HTB-S-1-5-32-544","PrincipalType":"Group","RightName":"WriteDacl","IsInherited":true},{"PrincipalSID":"OUTDATED.HTB-S-1-5-32-544","PrincipalType":"Group","RightName":"WriteOwner","IsInherited":true}],"ObjectIdentifier":"2697ACB9-141D-46DC-B146-662C74330E4B","IsDeleted":false,"IsACLProtected":false},{"Properties":{"domain":"OUTDATED.HTB","name":"RPCSERVICES@OUTDATED.HTB","distinguishedname":"CN=RPCSERVICES,CN=SYSTEM,DC=OUTDATED,DC=HTB","domainsid":"S-1-5-21-4089647348-67660539-4016542185","highvalue":false},"ChildObjects":[],"Aces":[{"PrincipalSID":"S-1-5-21-4089647348-67660539-4016542185-512","PrincipalType":"Group","RightName":"Owns","IsInherited":false},{"PrincipalSID":"S-1-5-21-4089647348-67660539-4016542185-512","PrincipalType":"Group","RightName":"WriteDacl","IsInherited":false},{"PrincipalSID":"S-1-5-21-4089647348-67660539-4016542185-512","PrincipalType":"Group","RightName":"WriteOwner","IsInherited":false},{"PrincipalSID":"S-1-5-21-4089647348-67660539-4016542185-519","PrincipalType":"Group","RightName":"GenericAll","IsInherited":true},{"PrincipalSID":"OUTDATED.HTB-S-1-5-32-544","PrincipalType":"Group","RightName":"WriteDacl","IsInherited":true},{"PrincipalSID":"OUTDATED.HTB-S-1-5-32-544","PrincipalType":"Group","RightName":"WriteOwner","IsInherited":true}],"ObjectIdentifier":"D2D0B01E-0073-4FB7-9C0F-606FC2106746","IsDeleted":false,"IsACLProtected":false},{"Properties":{"domain":"OUTDATED.HTB","name":"POLICIES@OUTDATED.HTB","distinguishedname":"CN=POLICIES,CN=SYSTEM,DC=OUTDATED,DC=HTB","domainsid":"S-1-5-21-4089647348-67660539-4016542185","highvalue":false},"ChildObjects":[],"Aces":[{"PrincipalSID":"S-1-5-21-4089647348-67660539-4016542185-512","PrincipalType":"Group","RightName":"Owns","IsInherited":false},{"PrincipalSID":"S-1-5-21-4089647348-67660539-4016542185-512","PrincipalType":"Group","RightName":"WriteDacl","IsInherited":false},{"PrincipalSID":"S-1-5-21-4089647348-67660539-4016542185-512","PrincipalType":"Group","RightName":"WriteOwner","IsInherited":false},{"PrincipalSID":"S-1-5-21-4089647348-67660539-4016542185-519","PrincipalType":"Group","RightName":"GenericAll","IsInherited":true},{"PrincipalSID":"OUTDATED.HTB-S-1-5-32-544","PrincipalType":"Group","RightName":"WriteDacl","IsInherited":true},{"PrincipalSID":"OUTDATED.HTB-S-1-5-32-544","PrincipalType":"Group","RightName":"WriteOwner","IsInherited":true}],"ObjectIdentifier":"D8571383-B9AA-4FB3-803C-0ED2D5B66D19","IsDeleted":false,"IsACLProtected":false},{"Properties":{"domain":"OUTDATED.HTB","name":"MEETINGS@OUTDATED.HTB","distinguishedname":"CN=MEETINGS,CN=SYSTEM,DC=OUTDATED,DC=HTB","domainsid":"S-1-5-21-4089647348-67660539-4016542185","highvalue":false},"ChildObjects":[],"Aces":[{"PrincipalSID":"S-1-5-21-4089647348-67660539-4016542185-512","PrincipalType":"Group","RightName":"Owns","IsInherited":false},{"PrincipalSID":"S-1-5-21-4089647348-67660539-4016542185-512","PrincipalType":"Group","RightName":"WriteDacl","IsInherited":false},{"PrincipalSID":"S-1-5-21-4089647348-67660539-4016542185-512","PrincipalType":"Group","RightName":"WriteOwner","IsInherited":false},{"PrincipalSID":"S-1-5-21-4089647348-67660539-4016542185-519","PrincipalType":"Group","RightName":"GenericAll","IsInherited":true},{"PrincipalSID":"OUTDATED.HTB-S-1-5-32-544","PrincipalType":"Group","RightName":"WriteDacl","IsInherited":true},{"PrincipalSID":"OUTDATED.HTB-S-1-5-32-544","PrincipalType":"Group","RightName":"WriteOwner","IsInherited":true}],"ObjectIdentifier":"68D87747-2BB3-4224-920B-E866B3802A4F","IsDeleted":false,"IsACLProtected":false},{"Properties":{"domain":"OUTDATED.HTB","name":"PSPS@OUTDATED.HTB","distinguishedname":"CN=PSPS,CN=SYSTEM,DC=OUTDATED,DC=HTB","domainsid":"S-1-5-21-4089647348-67660539-4016542185","highvalue":false},"ChildObjects":[],"Aces":[{"PrincipalSID":"S-1-5-21-4089647348-67660539-4016542185-512","PrincipalType":"Group","RightName":"Owns","IsInherited":false},{"PrincipalSID":"S-1-5-21-4089647348-67660539-4016542185-512","PrincipalType":"Group","RightName":"GenericAll","IsInherited":false},{"PrincipalSID":"S-1-5-21-4089647348-67660539-4016542185-519","PrincipalType":"Group","RightName":"GenericAll","IsInherited":true},{"PrincipalSID":"OUTDATED.HTB-S-1-5-32-544","PrincipalType":"Group","RightName":"WriteDacl","IsInherited":true},{"PrincipalSID":"OUTDATED.HTB-S-1-5-32-544","PrincipalType":"Group","RightName":"WriteOwner","IsInherited":true}],"ObjectIdentifier":"807F28CE-96C1-4DC3-A63C-D1EAC4D9DB3F","IsDeleted":false,"IsACLProtected":false},{"Properties":{"domain":"OUTDATED.HTB","name":"POLICYTYPE@OUTDATED.HTB","distinguishedname":"CN=POLICYTYPE,CN=WMIPOLICY,CN=SYSTEM,DC=OUTDATED,DC=HTB","domainsid":"S-1-5-21-4089647348-67660539-4016542185","highvalue":false},"ChildObjects":[],"Aces":[{"PrincipalSID":"S-1-5-21-4089647348-67660539-4016542185-512","PrincipalType":"Group","RightName":"Owns","IsInherited":false},{"PrincipalSID":"S-1-5-21-4089647348-67660539-4016542185-512","PrincipalType":"Group","RightName":"WriteDacl","IsInherited":false},{"PrincipalSID":"S-1-5-21-4089647348-67660539-4016542185-512","PrincipalType":"Group","RightName":"WriteOwner","IsInherited":false},{"PrincipalSID":"S-1-5-21-4089647348-67660539-4016542185-519","PrincipalType":"Group","RightName":"GenericAll","IsInherited":true},{"PrincipalSID":"S-1-5-21-4089647348-67660539-4016542185-512","PrincipalType":"Group","RightName":"GenericAll","IsInherited":true}],"ObjectIdentifier":"4837BAC5-8D35-41D9-8DDD-3D73116EC747","IsDeleted":false,"IsACLProtected":false},{"Properties":{"domain":"OUTDATED.HTB","name":"WMIGPO@OUTDATED.HTB","distinguishedname":"CN=WMIGPO,CN=WMIPOLICY,CN=SYSTEM,DC=OUTDATED,DC=HTB","domainsid":"S-1-5-21-4089647348-67660539-4016542185","highvalue":false},"ChildObjects":[],"Aces":[{"PrincipalSID":"S-1-5-21-4089647348-67660539-4016542185-512","PrincipalType":"Group","RightName":"Owns","IsInherited":false},{"PrincipalSID":"S-1-5-21-4089647348-67660539-4016542185-512","PrincipalType":"Group","RightName":"WriteDacl","IsInherited":false},{"PrincipalSID":"S-1-5-21-4089647348-67660539-4016542185-512","PrincipalType":"Group","RightName":"WriteOwner","IsInherited":false},{"PrincipalSID":"S-1-5-21-4089647348-67660539-4016542185-519","PrincipalType":"Group","RightName":"GenericAll","IsInherited":true},{"PrincipalSID":"S-1-5-21-4089647348-67660539-4016542185-512","PrincipalType":"Group","RightName":"GenericAll","IsInherited":true}],"ObjectIdentifier":"D8A82EEC-93C1-49C6-89CE-0B87BD30EFAD","IsDeleted":false,"IsACLProtected":false},{"Properties":{"domain":"OUTDATED.HTB","name":"COMPUTERS@OUTDATED.HTB","distinguishedname":"CN=COMPUTERS,DC=OUTDATED,DC=HTB","domainsid":"S-1-5-21-4089647348-67660539-4016542185","highvalue":false},"ChildObjects":[{"ObjectIdentifier":"S-1-5-21-4089647348-67660539-4016542185-1105","ObjectType":"Computer"}],"Aces":[{"PrincipalSID":"S-1-5-21-4089647348-67660539-4016542185-512","PrincipalType":"Group","RightName":"Owns","IsInherited":false},{"PrincipalSID":"S-1-5-21-4089647348-67660539-4016542185-512","PrincipalType":"Group","RightName":"WriteDacl","IsInherited":false},{"PrincipalSID":"S-1-5-21-4089647348-67660539-4016542185-512","PrincipalType":"Group","RightName":"WriteOwner","IsInherited":false},{"PrincipalSID":"S-1-5-21-4089647348-67660539-4016542185-519","PrincipalType":"Group","RightName":"GenericAll","IsInherited":true},{"PrincipalSID":"OUTDATED.HTB-S-1-5-32-544","PrincipalType":"Group","RightName":"WriteDacl","IsInherited":true},{"PrincipalSID":"OUTDATED.HTB-S-1-5-32-544","PrincipalType":"Group","RightName":"WriteOwner","IsInherited":true}],"ObjectIdentifier":"74F0C4A9-CC71-44C1-ACF2-1809788BBD43","IsDeleted":false,"IsACLProtected":false},{"Properties":{"domain":"OUTDATED.HTB","name":"USERS@OUTDATED.HTB","distinguishedname":"CN=USERS,DC=OUTDATED,DC=HTB","domainsid":"S-1-5-21-4089647348-67660539-4016542185","highvalue":false},"ChildObjects":[{"ObjectIdentifier":"S-1-5-21-4089647348-67660539-4016542185-500","ObjectType":"User"},{"ObjectIdentifier":"S-1-5-21-4089647348-67660539-4016542185-571","ObjectType":"Group"},{"ObjectIdentifier":"S-1-5-21-4089647348-67660539-4016542185-1106","ObjectType":"User"},{"ObjectIdentifier":"S-1-5-21-4089647348-67660539-4016542185-517","ObjectType":"Group"},{"ObjectIdentifier":"S-1-5-21-4089647348-67660539-4016542185-522","ObjectType":"Group"},{"ObjectIdentifier":"S-1-5-21-4089647348-67660539-4016542185-572","ObjectType":"Group"},{"ObjectIdentifier":"S-1-5-21-4089647348-67660539-4016542185-1103","ObjectType":"Group"},{"ObjectIdentifier":"S-1-5-21-4089647348-67660539-4016542185-1104","ObjectType":"Group"},{"ObjectIdentifier":"S-1-5-21-4089647348-67660539-4016542185-512","ObjectType":"Group"},{"ObjectIdentifier":"S-1-5-21-4089647348-67660539-4016542185-515","ObjectType":"Group"},{"ObjectIdentifier":"S-1-5-21-4089647348-67660539-4016542185-516","ObjectType":"Group"},{"ObjectIdentifier":"S-1-5-21-4089647348-67660539-4016542185-514","ObjectType":"Group"},{"ObjectIdentifier":"S-1-5-21-4089647348-67660539-4016542185-513","ObjectType":"Group"},{"ObjectIdentifier":"S-1-5-21-4089647348-67660539-4016542185-519","ObjectType":"Group"},{"ObjectIdentifier":"S-1-5-21-4089647348-67660539-4016542185-527","ObjectType":"Group"},{"ObjectIdentifier":"S-1-5-21-4089647348-67660539-4016542185-498","ObjectType":"Group"},{"ObjectIdentifier":"S-1-5-21-4089647348-67660539-4016542185-520","ObjectType":"Group"},{"ObjectIdentifier":"S-1-5-21-4089647348-67660539-4016542185-501","ObjectType":"User"},{"ObjectIdentifier":"S-1-5-21-4089647348-67660539-4016542185-1107","ObjectType":"Group"},{"ObjectIdentifier":"S-1-5-21-4089647348-67660539-4016542185-526","ObjectType":"Group"},{"ObjectIdentifier":"S-1-5-21-4089647348-67660539-4016542185-502","ObjectType":"User"},{"ObjectIdentifier":"S-1-5-21-4089647348-67660539-4016542185-525","ObjectType":"Group"},{"ObjectIdentifier":"S-1-5-21-4089647348-67660539-4016542185-553","ObjectType":"Group"},{"ObjectIdentifier":"S-1-5-21-4089647348-67660539-4016542185-521","ObjectType":"Group"},{"ObjectIdentifier":"S-1-5-21-4089647348-67660539-4016542185-518","ObjectType":"Group"},{"ObjectIdentifier":"S-1-5-21-4089647348-67660539-4016542185-1108","ObjectType":"User"},{"ObjectIdentifier":"S-1-5-21-4089647348-67660539-4016542185-1000","ObjectType":"Group"},{"ObjectIdentifier":"S-1-5-21-4089647348-67660539-4016542185-1001","ObjectType":"Group"}],"Aces":[{"PrincipalSID":"S-1-5-21-4089647348-67660539-4016542185-512","PrincipalType":"Group","RightName":"Owns","IsInherited":false},{"PrincipalSID":"S-1-5-21-4089647348-67660539-4016542185-512","PrincipalType":"Group","RightName":"WriteDacl","IsInherited":false},{"PrincipalSID":"S-1-5-21-4089647348-67660539-4016542185-512","PrincipalType":"Group","RightName":"WriteOwner","IsInherited":false},{"PrincipalSID":"S-1-5-21-4089647348-67660539-4016542185-519","PrincipalType":"Group","RightName":"GenericAll","IsInherited":true},{"PrincipalSID":"OUTDATED.HTB-S-1-5-32-544","PrincipalType":"Group","RightName":"WriteDacl","IsInherited":true},{"PrincipalSID":"OUTDATED.HTB-S-1-5-32-544","PrincipalType":"Group","RightName":"WriteOwner","IsInherited":true}],"ObjectIdentifier":"946BC1CB-1E38-4DCA-9E4F-97B95EE7BCD5","IsDeleted":false,"IsACLProtected":false}],"meta":{"methods":29695,"type":"containers","count":21,"version":5}}