﻿{"data":[{"GPOChanges":{"LocalAdmins":[],"RemoteDesktopUsers":[],"DcomUsers":[],"PSRemoteUsers":[],"AffectedComputers":[{"ObjectIdentifier":"S-1-5-21-4089647348-67660539-4016542185-1002","ObjectType":"Computer"},{"ObjectIdentifier":"S-1-5-21-4089647348-67660539-4016542185-1105","ObjectType":"Computer"}]},"Properties":{"domain":"OUTDATED.HTB","name":"OUTDATED.HTB","distinguishedname":"DC=OUTDATED,DC=HTB","domainsid":"S-1-5-21-4089647348-67660539-4016542185","highvalue":true,"description":null,"whencreated":1655278990,"functionallevel":"2016"},"ChildObjects":[{"ObjectIdentifier":"74F0C4A9-CC71-44C1-ACF2-1809788BBD43","ObjectType":"Container"},{"ObjectIdentifier":"08D3532C-782A-4782-9B56-35AF1480714C","ObjectType":"OU"},{"ObjectIdentifier":"AFCA2109-5209-486A-A196-B7F3D1DDC88A","ObjectType":"Container"},{"ObjectIdentifier":"2C34432F-A9D1-4570-81C7-3ED385BF76D0","ObjectType":"Container"},{"ObjectIdentifier":"946BC1CB-1E38-4DCA-9E4F-97B95EE7BCD5","ObjectType":"Container"}],"Trusts":[],"Links":[{"IsEnforced":false,"GUID":"ED4CC230-F72A-4C66-9500-55D5B4B14650"},{"IsEnforced":false,"GUID":"AFE3252A-3FFD-4E52-8DE1-398EA4D644B0"}],"Aces":[{"PrincipalSID":"OUTDATED.HTB-S-1-5-32-544","PrincipalType":"Group","RightName":"Owns","IsInherited":false},{"PrincipalSID":"OUTDATED.HTB-S-1-5-32-544","PrincipalType":"Group","RightName":"WriteDacl","IsInherited":false},{"PrincipalSID":"OUTDATED.HTB-S-1-5-32-544","PrincipalType":"Group","RightName":"WriteOwner","IsInherited":false},{"PrincipalSID":"OUTDATED.HTB-S-1-5-32-544","PrincipalType":"Group","RightName":"AllExtendedRights","IsInherited":false},{"PrincipalSID":"S-1-5-21-4089647348-67660539-4016542185-512","PrincipalType":"Group","RightName":"WriteDacl","IsInherited":false},{"PrincipalSID":"S-1-5-21-4089647348-67660539-4016542185-512","PrincipalType":"Group","RightName":"WriteOwner","IsInherited":false},{"PrincipalSID":"S-1-5-21-4089647348-67660539-4016542185-512","PrincipalType":"Group","RightName":"AllExtendedRights","IsInherited":false},{"PrincipalSID":"S-1-5-21-4089647348-67660539-4016542185-519","PrincipalType":"Group","RightName":"GenericAll","IsInherited":false},{"PrincipalSID":"OUTDATED.HTB-S-1-5-9","PrincipalType":"Group","RightName":"GetChanges","IsInherited":false},{"PrincipalSID":"OUTDATED.HTB-S-1-5-9","PrincipalType":"Group","RightName":"GetChangesInFilteredSet","IsInherited":false},{"PrincipalSID":"OUTDATED.HTB-S-1-5-32-544","PrincipalType":"Group","RightName":"GetChangesAll","IsInherited":false},{"PrincipalSID":"OUTDATED.HTB-S-1-5-32-544","PrincipalType":"Group","RightName":"GetChanges","IsInherited":false},{"PrincipalSID":"OUTDATED.HTB-S-1-5-32-544","PrincipalType":"Group","RightName":"GetChangesInFilteredSet","IsInherited":false},{"PrincipalSID":"S-1-5-21-4089647348-67660539-4016542185-498","PrincipalType":"Group","RightName":"GetChanges","IsInherited":false},{"PrincipalSID":"S-1-5-21-4089647348-67660539-4016542185-516","PrincipalType":"Group","RightName":"GetChangesAll","IsInherited":false}],"ObjectIdentifier":"S-1-5-21-4089647348-67660539-4016542185","IsDeleted":false,"IsACLProtected":false}],"meta":{"methods":29695,"type":"domains","count":1,"version":5}}